{
    "face_data": [
      {
        "id": 0,
        "vector": [
          0.8574364185333252,
          -1.606711745262146,
          -0.8975322246551514,
          1.726654052734375,
          -0.2858351767063141,
          0.3568660020828247,
          -0.04153590276837349,
          0.033165231347084045,
          0.21783369779586792,
          -1.0081747770309448,
          -1.9164873361587524,
          -0.5007913112640381,
          0.377674400806427,
          -1.0135935544967651,
          0.04174182191491127,
          -2.4363644123077393,
          2.077418327331543,
          -0.07767169177532196,
          0.5130503177642822,
          -0.07218126207590103,
          -0.39079880714416504,
          0.18553480505943298,
          -1.5564687252044678,
          -0.3909541666507721,
          0.06917079538106918,
          0.5861132740974426,
          0.2634962797164917,
          0.34059008955955505,
          -0.43475478887557983,
          -0.7619158625602722,
          1.7487328052520752,
          1.0760767459869385,
          -0.35557910799980164,
          -1.7483266592025757,
          -0.39360347390174866,
          -1.0591785907745361,
          -0.42906665802001953,
          -0.11889614909887314,
          -0.6143912076950073,
          0.6432507038116455,
          -1.4037328958511353,
          0.23970752954483032,
          -0.08008445799350739,
          -1.650842547416687,
          0.004996960982680321,
          1.369302749633789,
          1.3367682695388794,
          0.9838018417358398,
          -0.9531388878822327,
          0.5299938917160034,
          0.08818744868040085,
          0.015545331872999668,
          -0.736880898475647,
          -0.026761773973703384,
          2.0768065452575684,
          0.2553080916404724,
          -0.4883923828601837,
          0.22248676419258118,
          0.03823954984545708,
          -0.9534510374069214,
          -0.33718910813331604,
          -1.7928675413131714,
          1.7943074703216553,
          0.720940351486206,
          -0.12153659015893936,
          0.20047754049301147,
          -0.23601466417312622,
          0.23041558265686035,
          -0.962069034576416,
          -1.0574448108673096,
          0.7345548272132874,
          -2.038294792175293,
          0.8006121516227722,
          -0.5538455247879028,
          0.36996471881866455,
          0.6888020038604736,
          -0.8957607746124268,
          0.7301205992698669,
          -0.7799094319343567,
          0.5401324033737183,
          -0.19100534915924072,
          -0.28216370940208435,
          -0.7366613149642944,
          0.10202790796756744,
          -0.06220995634794235,
          0.025273948907852173,
          -0.36825039982795715,
          -1.3334932327270508,
          -0.22170959413051605,
          -0.16705001890659332,
          0.9078891277313232,
          -0.8928829431533813,
          -0.9935604929924011,
          -0.604638397693634,
          -0.20131662487983704,
          0.8221803903579712,
          -0.02002818137407303,
          1.3007011413574219,
          0.6624212861061096,
          -0.05843469500541687,
          -0.07428450882434845,
          1.5226131677627563,
          2.3650946617126465,
          -0.47176992893218994,
          -0.37545496225357056,
          -0.9717875123023987,
          -0.41949793696403503,
          1.1225318908691406,
          0.8971360325813293,
          -2.408661127090454,
          -1.565772533416748,
          -0.2668323516845703,
          -0.29352161288261414,
          -0.27992311120033264,
          -0.4111582636833191,
          -0.15657366812229156,
          -1.1194367408752441,
          1.2635886669158936,
          0.12349270284175873,
          -0.054794251918792725,
          -0.6953105926513672,
          -0.34967488050460815,
          -0.27117007970809937,
          0.2168625146150589,
          -0.18565747141838074,
          0.8037700057029724,
          -1.3910832405090332,
          -0.24902833998203278
        ]
      },
      {
        "id": 1,